id,player,type,year,contract_season,length,salary,team
1,abadfe01,F,1,1,1,750000,HMP
2,abreujo02,D,2017,2,4,6810000,HOU
3,acunaro01,AA,2017,1,1,50000,EVT
4,adamewi01,AA,2017,1,1,50000,HOU
5,adamsch01,AA,2017,1,1,50000,OKL
6,adamsma01,U,2017,1,1,1000000,HMP
7,aikenbr01,AA,2017,1,1,50000,REA
8,albieoz01,AA,2017,1,1,50000,BOS
9,alcansa01,AA,2017,1,1,50000,ARI
10,alfarjo01,AA,2017,1,1,50000,EVT
11,alforan01,AA,2017,1,1,50000,NYK
12,allarko01,AA,2017,1,1,50000,TRY
13,allenco01,D,2017,2,2,2983000,ARI
14,almoral01,Y1,2017,1,1,500000,HMP
15,alonsyo01,F,2017,2,3,4000000,PHI
16,altuvjo01,D,2017,2,4,14125000,NYK
17,alvarpe01,F,2017,1,1,750000,STV
18,alvarya01,AA,2017,1,1,50000,EVT
19,anderch01,Y3,2017,1,1,600000,EVT
20,anderti01,Y1,2017,1,1,500000,BOS
21,anderty01,Y1,2017,1,1,500000,STV
22,andrima01,Y2,2017,1,1,550000,TRY
23,andruel01,D,2017,2,4,9950000,ALB
24,aokino01,F,2017,2,3,2500000,HMP
25,archech01,D,2017,2,4,9470000,REA
26,arciaor01,Y1,2017,1,1,500000,NYK
27,arciaos01,Y3,2017,1,1,600000,PHI
28,arenano01,D,2017,2,4,15635000,TRY
29,arrieja01,D,2017,2,5,12946500,GOT
30,asuajca01,AA,2017,1,1,50000,ARI
31,austity01,AAA,2017,1,1,250000,OKL
32,avilaal01,F,2017,1,1,750000,ALB
33,avilalu01,F,2017,1,2,1250000,PHI
34,baezja01,Y2,2017,1,1,550000,PHI
35,baezpe01,F,2017,1,2,2000000,HMP
36,barneto01,Y1,2017,1,1,500000,BOS
37,barneda01,F,2017,1,1,750000,MIL
38,barnhtu01,Y2,2017,1,1,550000,EVT
39,barraky01,Y1,2017,1,1,500000,BUF
40,barrefr02,AA,2017,1,1,50000,TRY
41,bastaan01,F,2017,2,4,4000000,OKL
42,bauertr01,D,2017,2,5,5010500,EVT
43,bauerja01,AA,2017,1,1,50000,MIL
44,bautijo02,D,2017,2,5,13891500,PHI
45,beckhti01,Y2,2017,1,1,550000,GOT
46,bedroca01,Y2,2017,1,1,550000,BOS
47,beedety01,AA,2017,1,1,50000,BOS
48,belisma01,F,2017,1,1,750000,ARI
49,belljo02,Y1,2017,1,1,500000,EVT
50,bellico01,AA,2017,1,1,50000,HOU
51,beltbr01,D,2017,2,4,5166000,ARI
52,beltrca01,F,2017,1,2,1500000,SLB
53,beltrad01,D,2017,2,3,6954000,NYK
54,beninan01,Y1,2017,1,1,500000,EVT
55,benoijo01,F,2017,2,2,3750000,OKL
56,berrijo01,Y1,2017,1,1,500000,PHI
57,betande01,D,2017,2,3,6270000,STV
58,bettich01,Y3,2017,1,1,600000,TRY
59,bettsmo01,D,2017,2,7,14771750,EVT
60,birdgr01,Y1*,2017,1,1,500000,HOU
61,blackch02,D,2017,2,6,7986000,PHI
62,blairaa01,Y1,2017,1,1,500000,GOT
63,blancan01,Arb4,2017,1,1,850000,OKL
64,blancgr01,D,2017,2,2,3177750,BOS
65,blantjo01,F,2017,2,3,2100000,BOS
66,blevije01,F,2017,1,1,750000,BOS
67,bogaexa01,D,2017,2,4,11865000,MIL
68,bourju01,Y2,2017,1,1,550000,NYK
69,bourjpe01,F,2017,1,1,850000,MIL
70,bournmi01,F,2017,2,3,2000000,PHI
71,bowmama01,Y1,2017,1,1,500000,ARI
72,boxbebr01,D,2017,2,3,4245000,TRY
73,boydma01,Y2,2017,1,1,550000,REA
74,boyerbl01,F,2017,1,1,750000,STV
75,brachbr01,F,2017,2,4,4200000,REA
76,bradlar01,Y1,2017,1,1,500000,TRY
77,bradlja02,D,2017,2,3,4190000,BOS
78,braunry02,D,2017,2,3,5092000,ALB
79,bregmal01,Y1,2017,1,1,500000,HOU
80,brinsle01,AA,2017,1,1,50000,MIL
81,brittza01,D,2017,2,3,5239250,NYK
82,broxtke01,Y1,2017,1,1,500000,TRY
83,bruceja01,F,2017,1,2,1550000,HOU
84,bryankr01,D,2017,2,7,16542750,PHI
85,buchhcl01,F,2017,2,3,3500000,ARI
86,buchtry01,Y1,2017,1,1,500000,NYK
87,bumgama01,D,2017,2,5,12306000,BOS
88,bundydy01,Y1,2017,1,1,500000,HOU
89,burnsbi02,D,2017,2,3,3850000,MIL
90,bushma01,Y1,2017,1,1,500000,HMP
91,buterdr01,F,2017,1,1,1100000,EVT
92,buxtoby01,D,2017,2,5,4416500,ARI
93,cabreas01,F,2017,1,2,2500000,SLB
94,cabreme01,F,2017,2,2,1250000,SLB
95,cabremi01,D,2017,2,5,10662750,GOT
96,cahiltr01,F,2017,1,1,750000,SLB
97,cainlo01,D,2017,2,3,7500250,NYK
98,calhoko01,D,2017,2,5,4356000,HMP
99,calhowi01,AA,2017,1,1,50000,STV
100,camerda01,AA,2017,1,1,50000,TRY
101,candeje01,AA,2017,1,1,50000,BUF
102,canoro01,D,2017,2,3,3320000,STV
103,cappsca01,D,2017,2,3,2660000,BOS
104,carpema01,D,2017,2,5,11235000,NYK
105,carraca01,D,2017,2,3,6844750,MIL
106,cartech02,F,2017,1,3,2000000,STV
107,cashnan01,F,2017,2,4,4000000,SLB
108,garcija01,U,2017,1,1,1000000,BUF
109,casteni01,Y3,2017,1,1,600000,EVT
110,castiwe01,F,2017,2,3,3000000,TRY
111,castrja01,F,2017,2,4,4000000,PHI
112,castrst01,F,2017,2,2,2200000,STV
113,ceasedy01,AA,2017,1,1,50000,HMP
114,cecchga02,AA,2017,1,1,50000,PHI
115,cecilbr01,F,2017,2,3,2600000,TRY
116,cedenxa01,Y3,2017,1,1,600000,SLB
117,cervefr01,D,2017,2,3,4100000,ALB
118,cespeyo01,D,2017,2,3,13190750,SLB
119,cessalu01,Y1,2017,1,1,500000,OKL
120,chapmar01,D,2017,2,5,6006000,MIL
121,chapmma01,AA,2017,1,1,50000,MIL
122,chatwty01,F,2017,1,1,1000000,BUF
123,chaveje01,F,2017,2,2,2500000,BOS
124,chenwe02,D,2017,2,2,1999750,BOS
125,chiriro01,Y3,2017,1,1,600000,MIL
126,choosh01,D,2017,2,2,4512500,STV
127,cingrto01,X,2017,1,3,2000000,BUF
128,cishest01,F,2017,1,4,4000000,HMP
129,claudal01,Y1,2017,1,1,500000,BOS
130,clippty01,D,2017,2,3,2250000,REA
131,cobbal01,F,2017,2,4,4000000,GOT
132,colege01,D,2017,2,4,12015000,STV
133,collity01,Y2,2017,1,1,550000,HOU
134,colliza01,AA,2017,1,1,50000,MIL
135,collmjo01,F,2017,2,3,3000000,HMP
136,colomal01,Y2,2017,1,1,550000,BOS
137,colonba01,F,2017,1,2,1750000,BUF
138,confomi01,D,2017,2,4,2488500,GOT
139,conlead01,Y2,2017,1,1,550000,ALB
140,contrwi01,Y1,2017,1,1,500000,BOS
141,corbipa01,F,2017,1,3,2000000,REA
142,correca01,D,2017,2,7,17204000,EVT
143,cottojh01,AAA,2017,1,1,250000,BUF
144,couloda01,Y1,2017,1,1,500000,ARI
145,cozarza01,D,2017,2,3,2170000,ALB
146,crawfbr01,D,2017,2,3,9846750,STV
147,crawfjp01,AA,2017,1,1,50000,HOU
148,croncj01,Y3,2017,1,1,600000,TRY
149,cruzne02,D,2017,2,4,11445000,OKL
150,cuetojo01,D,2017,2,3,7633250,ARI
151,cuthbch01,Y1,2017,1,1,500000,BOS
152,darnatr01,D,2017,2,3,2680000,GOT
153,dahlda01,Y1,2017,1,1,500000,ARI
154,darviyu01,F,2017,2,4,4200000,ARI
155,davieza02,Y1,2017,1,1,500000,HMP
156,davisch02,D,2017,2,5,11114250,BOS
157,daviskh01,Arb4,2017,1,1,1900000,HMP
158,davisra01,F,2017,2,3,3200000,GOT
159,daviswa01,D,2017,2,3,6369750,HMP
160,dejesiv02,Y2,2017,1,1,550000,HMP
161,deleojo03,AA,2017,1,1,50000,HMP
162,degroja01,D,2017,2,7,14990250,HOU
163,descada01,F,2017,1,1,750000,HOU
164,desclan01,Y2,2017,1,1,550000,REA
165,desmoia01,F,2017,2,2,1550000,REA
166,devench02,Y1,2017,1,1,500000,NYK
167,deverra01,AA,2017,1,1,50000,NYK
168,diazal02,Y1,2017,1,1,500000,OKL
169,diazed04,Y1,2017,1,1,500000,HOU
170,diazis01,AA,2017,1,1,50000,PHI
171,diazju03,Y3,2017,1,1,600000,PHI
172,diazyu01,AA,2017,1,1,50000,PHI
173,dickeco01,Arb4,2017,1,1,1975000,GOT
174,dicker.01,F,2017,1,2,1550000,SLB
175,diekmja01,F,2017,1,3,3000000,TRY
176,dietrde01,Arb4,2017,1,1,1375000,REA
177,donaljo02,D,2017,2,4,15285000,ALB
178,doolise01,U,2017,1,1,1000000,HMP
179,doziebr01,D,2017,2,4,6975000,PHI
180,drurybr01,Y1,2017,1,1,500000,ARI
181,duffety01,Y2,2017,1,1,550000,GOT
182,duffyda01,Arb4,2017,1,1,2450000,HOU
183,duffyma01,D,2017,2,3,4620000,HOU
184,dukeza01,F,2017,2,2,1550000,GOT
185,dullry01,Y1,2017,1,1,500000,HMP
186,dunnmi01,F,2017,2,3,2000000,PHI
187,duvalad01,Y1,2017,1,1,500000,GOT
188,dysonja01,F,2017,1,2,3100000,GOT
189,dysonsa01,Y3,2017,1,1,600000,OKL
190,eatonad02,D,2017,2,3,2120000,GOT
191,edwarca01,Y1,2017,1,1,500000,TRY
192,eickhje01,D,2017,2,4,2541000,MIL
193,ellsbja01,D,2017,2,3,4365000,PHI
194,encared01,D,2017,2,7,11109000,PHI
195,eovalna01,F,2017,2,3,5000000,HOU
196,escobal02,D,2017,2,4,5440000,BUF
197,escobyu01,F,2017,1,1,750000,HOU
198,espinda01,F,2017,2,3,2600000,TRY
199,espinan01,AA,2017,1,1,50000,HOU
200,estrama01,D,2017,2,3,5595500,GOT
201,familje01,D,2017,2,3,5130000,EVT
202,felizmi01,Y1,2017,1,1,500000,TRY
203,felizne01,U,2017,1,1,1000000,MIL
204,fernajo02,D,2017,2,7,10999750,GOT
205,fieldpr01,D,2017,2,4,4751250,PHI
206,finnebr01,Y2,2017,1,1,550000,BOS
207,fishede01,AA,2017,1,1,50000,STV
208,florewi01,D,2017,2,2,3087500,SLB
209,flowety01,F,2017,1,1,850000,MIL
210,flynnbr01,Y1,2017,1,1,500000,HMP
211,foltymi01,Y2,2017,1,1,550000,PHI
212,forsylo01,D,2017,2,3,4045000,OKL
213,fowlede01,F,2017,2,4,9500000,OKL
214,fowledu01,AA,2017,1,1,50000,SLB
215,francma02,D,2017,2,3,3930000,ARI
216,frankni01,Y3,2017,1,1,600000,OKL
217,frazicl01,AA,2017,1,1,50000,NYK
218,frazito01,D,2017,2,3,5638250,BOS
219,freemfr01,D,2017,2,4,8550000,MIL
220,freesda01,F,2017,1,1,750000,STV
221,friedma01,AA,2017,1,1,50000,REA
222,fulmeca01,AA,2017,1,1,50000,BUF
223,fulmemi01,Y1,2017,1,1,500000,NYK
224,gallojo01,Y1*,2017,1,1,500000,ALB
225,galvifr01,F,2017,2,3,2000000,TRY
226,garcigr01,Y1,2017,1,1,500000,ARI
227,garcija02,D,2017,2,3,7566750,OKL
228,garciyi01,Y1*,2017,1,1,500000,OKL
229,gardnbr01,D,2017,2,3,4160000,STV
230,garream01,AA,2017,1,1,50000,ALB
231,gattiev01,Arb4,2017,1,1,2125000,TRY
232,gausmke01,Arb4,2017,1,1,2800000,TRY
233,gennesc01,Arb4,2017,1,1,925000,TRY
234,giavojo01,Arb4,2017,1,1,850000,BOS
235,gibsoky01,D,2017,2,3,5476750,EVT
236,gileske01,D,2017,2,4,5210000,STV
237,giolilu01,AA,2017,1,1,50000,ARI
238,givenmy01,Y2,2017,1,1,550000,MIL
239,glasnty01,AAA,2017,1,1,250000,MIL
240,goedder01,Y2,2017,1,1,550000,EVT
241,goldspa01,D,2017,2,7,20901250,HOU
242,gomesya01,F,2017,2,4,4000000,SLB
243,gomezca01,D,2017,2,2,2370250,ARI
244,gomezje01,F,2017,2,3,2500000,SLB
245,gonzaad01,D,2017,2,2,5265000,TRY
246,gonzaca01,D,2017,2,3,5396000,HMP
247,gonzagi01,D,2017,2,3,3540000,STV
248,gonzama01,F,2017,2,3,2500000,SLB
249,gonzami03,F,2017,1,2,2700000,SLB
250,gordoal01,D,2017,2,3,7011000,EVT
251,gordode01,D,2017,2,5,12778500,HMP
252,gordoni01,AA,2017,1,1,50000,ALB
253,gosseph01,Y3,2017,1,1,600000,EVT
254,grandya01,D,2017,2,5,5239500,GOT
255,grandcu01,F,2017,1,1,1250000,STV
256,graveke01,Y2,2017,1,1,550000,SLB
257,grayjo02,Y2,2017,1,1,550000,ARI
258,grayso01,D,2017,2,5,11481750,ARI
259,greensh02,Y3,2017,1,1,600000,SLB
260,gregelu01,D,2017,2,2,3225250,GOT
261,gregodi01,D,2017,2,4,5555000,REA
262,greinza01,D,2017,2,5,16826250,GOT
263,grichra01,D,2017,2,3,4885000,OKL
264,grimmju01,Arb4,2017,1,1,850000,BOS
265,grishtr01,AA,2017,1,1,50000,PHI
266,groomja01,AA,2017,1,1,50000,BUF
267,grossro01,Y3,2017,1,1,600000,SLB
268,gsellro01,Y1,2017,1,1,500000,EVT
269,guerrju02,Y1,2017,1,1,500000,NYK
270,guerrvl02,AA,2017,1,1,50000,NYK
271,gourryu01,Y1,2017,1,1,500000,HMP
272,guyerbr01,Y3,2017,1,1,600000,ALB
273,gyorkje01,Arb4,2017,1,1,1850000,NYK
274,haderjo01,AA,2017,1,1,50000,OKL
275,hamelco01,D,2017,2,3,5514750,GOT
276,hamilbi02,D,2017,2,4,2919000,PHI
277,hammeja01,F,2017,2,2,1700000,BUF
278,handbr01,F,2017,1,3,2000000,REA
279,hanigmi01,Y1,2017,1,1,500000,STV
280,happia01,AA,2017,1,1,50000,REA
281,happja01,F,2017,2,3,2300000,ALB
282,harpebr03,D,2017,2,7,24719250,ARI
283,harriwi10,D,2017,2,2,2774000,EVT
284,harrijo05,D,2017,2,3,2565000,OKL
285,harvema01,D,2017,2,5,11875500,ARI
286,headlch01,F,2017,1,1,750000,OKL
287,healyry01,Y1,2017,1,1,500000,SLB
288,heanean01,Y1*,2017,1,1,500000,EVT
289,hechaad01,D,2017,2,5,6373500,HOU
290,hedgeau01,Y1*,2017,1,1,500000,ALB
291,hellije01,F,2017,2,2,1550000,PHI
292,hendrky01,Y3,2017,1,1,600000,ALB
293,hendrli01,F,2017,2,3,2100000,STV
294,hernace02,Arb4,2017,1,1,1975000,REA
295,hernaen02,Y3,2017,1,1,600000,GOT
296,hernafe02,D,2017,2,7,10585750,PHI
297,herredi01,Y1*,2017,1,1,500000,BUF
298,herreke01,F,2017,2,4,4000000,HOU
299,herreod01,Y2,2017,1,1,550000,HOU
300,herrmch01,Y3,2017,1,1,600000,ARI
301,hestoch01,D,2017,2,3,2945000,HOU
302,heywaja01,D,2017,2,6,10026500,BUF
303,hicksaa01,D,2017,2,3,2985000,NYK
304,hillri01,F,2017,1,4,4000000,PHI
305,kangju01,D,2017,2,2,3339250,SLB
306,hoffmje02,AAA,2017,1,1,250000,BUF
307,hollade01,U,2017,1,1,1000000,STV
308,hollima01,F,2017,2,2,3000000,REA
309,holtty01,Y1,2017,1,1,500000,REA
310,honeybr01,AA,2017,1,1,50000,HOU
311,hoskirh01,AA,2017,1,1,50000,REA
312,hosmeer01,D,2017,2,3,8911000,REA
313,hudsoda01,F,2017,2,3,2000000,ALB
314,hundlni01,D,2017,2,2,2351250,OKL
315,iglesjo01,D,2017,2,4,7570000,GOT
316,iglesra01,F,2017,2,4,4000000,NYK
317,inciaen01,D,2017,2,6,7612000,EVT
318,iwakuhi01,D,2017,2,2,3709750,OKL
319,jacksal01,AA,2017,1,1,50000,STV
320,jacksau01,F,2017,2,2,1250000,HMP
321,jacksdr01,AA,2017,1,1,50000,STV
322,jankotr01,Y1,2017,1,1,500000,REA
323,janseke01,D,2017,2,3,5201250,NYK
324,jasojo01,F,2017,2,2,1250000,EVT
325,jeffrje01,Y3,2017,1,1,600000,OKL
326,jennida01,F,2017,1,1,750000,ALB
327,jimenel01,AA,2017,1,1,50000,HOU
328,johnsji04,F,2017,1,1,1000000,STV
329,jonesad01,D,2017,2,5,7880250,SLB
330,jonesja07,AA,2017,1,1,50000,SLB
331,jonesna01,Y3,2017,1,1,600000,REA
332,josepto01,Y1,2017,1,1,500000,SLB
333,joycema01,F,2017,1,2,1250000,ALB
334,judgeaa01,AAA,2017,1,1,250000,OKL
335,karnsna01,Y2,2017,1,1,550000,GOT
336,kelake01,Y2,2017,1,1,550000,TRY
337,kellemi01,AA,2017,1,1,50000,MIL
338,kellesh01,F,2017,2,2,1700000,ARI
339,kellyca02,AA,2017,1,1,50000,HOU
340,kempma01,F,2017,1,2,2300000,MIL
341,kenneia01,F,2017,1,3,2800000,ALB
342,keplema01,Y1,2017,1,1,500000,STV
343,kershcl01,D,2017,2,4,20030000,OKL
344,keuchda01,D,2017,2,3,15632250,ALB
345,kiermke01,D,2017,2,4,5245000,HMP
346,kimhy01,F,2017,1,1,750000,HOU
347,kimbrcr01,D,2017,2,3,4911500,MIL
348,kinslia01,D,2017,2,3,5809250,SLB
349,kintzbr01,U,2017,1,1,1000000,SLB
350,kipnija01,D,2017,2,4,7830000,ALB
351,klubeco01,D,2017,2,4,9755000,NYK
352,koehlto01,Arb4,2017,1,1,850000,EVT
353,kontoge01,F,2017,2,3,2500000,OKL
354,kopecmi01,AA,2017,1,1,50000,MIL
355,krolia01,F,2017,1,1,750000,BUF
356,lackejo01,D,2017,2,2,7555500,SLB
357,lambja01,Y3,2017,1,1,600000,BUF
358,lawde01,Y1,2017,1,1,500000,REA
359,lawribr01,F,2017,2,2,1300000,MIL
360,layneto01,Y2,2017,1,1,550000,GOT
361,leakemi01,D,2017,2,3,6521750,EVT
362,lemahdj01,D,2017,2,5,9481500,EVT
363,leonsa01,Y2,2017,1,1,550000,NYK
364,lestejo01,D,2017,2,3,4430000,REA
365,lewisky01,AA,2017,1,1,50000,MIL
366,lindofr01,D,2017,2,5,13119750,TRY
367,liriafr01,D,2017,2,3,10274250,OKL
368,lobatjo01,U,2017,1,1,1000000,REA
369,loganbo02,F,2017,1,3,2000000,PHI
370,longoev01,D,2017,2,3,6730750,REA
371,lopezre01,Y1,2017,1,1,500000,MIL
372,lorenmi01,Y2,2017,1,1,550000,REA
373,lowema01,F,2017,2,3,2000000,HMP
374,lucrojo01,X,2017,1,4,4900000,NYK
375,lugose01,Y1,2017,1,1,500000,ARI
376,lynnla01,D,2017,2,5,4383500,HMP
377,lyonsty01,Y3,2017,1,1,600000,ARI
378,machama01,D,2017,2,5,18385500,MIL
379,madsory01,F,2017,2,2,3750000,GOT
380,maedake01,F,2017,1,4,6250000,REA
381,maldoma01,F,2017,1,1,750000,STV
382,manaese01,Y1,2017,1,1,500000,BOS
383,manshje01,Y2,2017,1,1,550000,BOS
384,margoma01,AAA,2017,1,1,250000,EVT
385,marisja01,D,2017,2,4,3906000,TRY
386,markani01,F,2017,2,3,3000000,OKL
387,martest01,D,2017,2,4,7765000,NYK
388,martefr01,AA,2017,1,1,50000,BUF
389,martile01,Arb4,2017,1,1,2575000,STV
390,martiru01,D,2017,2,3,4490000,MIL
391,martica04,D,2017,2,4,7030000,NYK
392,martijd02,D,2017,2,4,8705000,BOS
393,martini01,F,2017,2,3,2000000,SLB
394,martivi01,F,2017,2,2,1250000,ALB
395,mateojo01,AA,2017,1,1,50000,SLB
396,matzst01,Y2,2017,1,1,550000,HOU
397,mauerjo01,F,2017,2,2,1250000,OKL
398,maurebr01,Arb4,2017,1,1,850000,SLB
399,maytr01,Y3,2017,1,1,600000,PHI
400,maybica01,F,2017,2,2,1500000,ALB
401,mazarno01,Y1,2017,1,1,500000,BOS
402,mccanbr01,D,2017,2,3,4275000,HOU
403,mccanja02,D,2017,2,2,3386750,PHI
404,mccarbr01,F,2017,1,1,750000,STV
405,mcculla02,D,2017,2,4,5640000,TRY
406,mccutan01,F,2017,1,4,4000000,NYK
407,mcgowdu01,U,2017,1,1,1000000,MIL
408,mchugco01,D,2017,2,3,8421750,TRY
409,mckentr01,AA,2017,1,1,50000,NYK
410,mcmahry01,AA,2017,1,1,50000,NYK
411,meadoau01,AA,2017,1,1,50000,ARI
412,mejiafr01,AA,2017,1,1,50000,NYK
413,melanma01,D,2017,2,3,5681000,STV
414,mendeyo01,AA,2017,1,1,50000,PHI
415,merriwh01,Y1,2017,1,1,500000,HMP
416,mesorde01,Y3*,2017,1,1,600000,ALB
417,meyeral01,Y1,2017,1,1,500000,TRY
418,millean01,D,2017,2,3,5852000,OKL
419,millebr02,Arb4,2017,1,1,1750000,HMP
420,miranar01,Y1,2017,1,1,500000,BUF
421,molinya01,D,2017,2,2,4417500,HMP
422,moncayo01,AA,2017,1,1,50000,BUF
423,mondera02,Y1,2017,1,1,500000,HOU
424,moniami01,AA,2017,1,1,50000,BUF
425,montafr02,AA,2017,1,1,50000,GOT
426,montemi01,F,2017,2,2,2000000,OKL
427,montgmi01,Y2,2017,1,1,550000,SLB
428,moorema02,Arb4,2017,1,1,1400000,SLB
429,moralke01,D,2017,2,3,3070000,ALB
430,moranco01,AA,2017,1,1,50000,TRY
431,morejad01,AA,2017,1,1,50000,BUF
432,morelmi01,D,2017,2,2,2755000,BUF
433,mossbr01,F,2017,1,1,950000,GOT
434,moustmi01,D,2017,2,3,4685000,GOT
435,murphda08,D,2017,2,4,3438750,ALB
436,murphto04,AA,2017,1,1,50000,BUF
437,musgrjo01,Y1,2017,1,1,500000,REA
438,myerswi01,Arb4,2017,1,1,2025000,BUF
439,napolmi01,F,2017,2,3,3650000,BUF
440,naquity01,Y1,2017,1,1,500000,NYK
441,navardi01,F,2017,2,2,1250000,OKL
442,nealza01,U,2017,1,1,1000000,ALB
443,nelsoji02,Y3,2017,1,1,600000,MIL
444,nerishe01,Y2,2017,1,1,550000,PHI
445,neshepa01,F,2017,1,2,1250000,PHI
446,newcose01,AA,2017,1,1,50000,EVT
447,newmake01,AA,2017,1,1,50000,PHI
448,nicasju01,F,2017,1,2,1300000,GOT
449,nolaaa01,Y2,2017,1,1,550000,ARI
450,norrida01,Y2,2017,1,1,550000,BUF
451,norride01,D,2017,2,3,4715000,BOS
452,nottija01,AA,2017,1,1,50000,MIL
453,novaiv01,F,2017,1,1,2200000,OKL
454,nunezed02,F,2017,1,1,1100000,SLB
455,obriepe01,AAA,2017,1,1,250000,ALB
456,odayda01,D,2017,2,3,2440000,ALB
457,oneilty01,AA,2017,1,1,50000,BUF
458,odorro01,D,2017,2,5,3630000,MIL
459,odorija01,D,2017,2,4,3249750,SLB
460,ohse01,F,2017,1,3,4600000,SLB
461,olsonma02,AA,2017,1,1,50000,GOT
462,orlanpa01,Y2,2017,1,1,550000,ARI
463,ortizda01,D,2017,2,3,7904000,OKL
464,osunaro01,D,2017,2,5,5302000,ALB
465,oteroda01,F,2017,1,3,3000000,STV
466,ozunama01,Arb4,2017,1,1,1800000,NYK
467,paganan01,F,2017,1,1,750000,OKL
468,panikjo01,F,2017,1,3,4000000,TRY
469,papeljo01,F,2017,2,2,1250000,ARI
470,parkeja03,Y1,2017,1,1,500000,STV
471,parrage01,D,2017,2,2,3410500,PHI
472,paxtoja01,Y3,2017,1,1,600000,STV
473,pearcst01,F,2017,1,2,5050000,REA
474,peavyja01,F,2017,2,3,3000000,ARI
475,pederjo01,D,2017,2,4,7445000,HOU
476,pedrodu01,D,2017,2,4,2504250,BOS
477,pelfrmi01,F,2017,2,3,3000000,HMP
478,pencehu01,D,2017,2,3,3615000,SLB
479,peralda01,D,2017,2,5,5391750,BOS
480,perazjo01,Y1,2017,1,1,500000,BUF
481,perdolu01,Y1,2017,1,1,500000,BUF
482,perezca02,Y2,2017,1,1,550000,HMP
483,perezde01,AA,2017,1,1,50000,GOT
484,perezhe01,Y3,2017,1,1,600000,BUF
485,perezma02,Arb4,2017,1,1,1450000,STV
486,perezro02,Y2,2017,1,1,550000,ALB
487,perezsa02,D,2017,2,4,8625000,STV
488,perkigl01,F,2017,2,4,4100000,REA
489,peterdj01,AA,2017,1,1,50000,REA
490,peterja01,Y2,2017,1,1,550000,REA
491,phelpda01,F,2017,1,3,2300000,HMP
492,phillbr01,D,2017,2,3,4335000,ALB
493,phillbr02,AA,2017,1,1,50000,BUF
494,pillake01,D,2017,2,4,6755000,TRY
495,pinedmi01,Arb4,2017,1,1,1700000,OKL
496,pintri01,AA,2017,1,1,50000,TRY
497,piscost01,D,2017,2,4,2877000,EVT
498,plaweke01,Y2,2017,1,1,550000,BOS
499,polangr01,D,2017,2,3,3490000,TRY
500,polloaj01,D,2017,2,4,13655000,REA
501,pomerdr01,Arb4,2017,1,1,1750000,SLB
502,porceri01,F,2017,1,2,5000000,NYK
503,poseybu01,D,2017,2,3,18035750,REA
504,powelbo02,AA,2017,1,1,50000,TRY
505,pradoma01,D,2017,2,3,2315000,EVT
506,priceda01,D,2017,2,4,12665000,PHI
507,profaju01,Y2,2017,1,1,550000,HOU
508,puigya01,D,2017,2,3,4785000,BUF
509,pujolal01,D,2017,2,3,6317500,BOS
510,pukaj01,AA,2017,1,1,50000,MIL
511,quackke01,Y3,2017,1,1,600000,EVT
512,quantca01,AA,2017,1,1,50000,NYK
513,quintjo01,D,2017,2,4,6500000,ALB
514,raburry01,F,2017,2,2,3500000,TRY
515,ramirer02,D,2017,2,4,2735250,ALB
516,ramirha01,F,2017,1,2,3900000,EVT
517,ramirjo01,Y3,2017,1,1,600000,NYK
518,ramosaj01,D,2017,2,3,3005000,ALB
519,ramoswi01,D,2017,2,3,3640000,HMP
520,rasmuco01,D,2017,2,3,3690000,HOU
521,rayco01,AA,2017,1,1,50000,BUF
522,rayro02,D,2017,2,3,2090000,STV
523,realmjt01,Y2,2017,1,1,550000,SLB
524,reddijo01,D,2017,2,3,4460000,ALB
525,reedaj01,Y1,2017,1,1,500000,BOS
526,reedad01,F,2017,2,2,2125000,NYK
527,refsnro01,Y1,2017,1,1,500000,HOU
528,reidfse01,AA,2017,1,1,50000,ALB
529,rendoan01,D,2017,2,4,2115750,ARI
530,renfrhu01,AAA,2017,1,1,250000,BUF
531,reverbe01,D,2017,2,2,5629500,HMP
532,reyesal02,Y1,2017,1,1,500000,HOU
533,richaga01,D,2017,2,4,7145000,REA
534,riverre01,F,2017,1,2,2000000,BUF
535,rivertj01,Y1,2017,1,1,500000,SLB
536,riverfe01,Y2,2017,1,1,550000,BOS
537,rizzoan01,D,2017,2,4,16945000,STV
538,roarkta01,Arb4,2017,1,1,4150000,REA
539,roberda08,D,2017,2,3,2720000,HOU
540,robleha01,Y2,2017,1,1,550000,OKL
541,roblevi01,AA,2017,1,1,50000,BUF
542,rodgebr01,AA,2017,1,1,50000,PHI
543,rodnefe01,F,2017,1,2,1250000,PHI
544,rodonca01,D,2017,2,4,3202500,HOU
545,rodrife02,Arb4,2017,1,1,850000,OKL
546,rodrifr03,D,2017,2,2,3201500,GOT
547,rodrise01,F,2017,1,1,5000000,NYK
548,rogerta01,Y1,2017,1,1,500000,EVT
549,rolliji01,F,2017,1,1,750000,EVT
550,rondohe01,D,2017,2,4,5100000,SLB
551,rosaram01,AA,2017,1,1,50000,BUF
552,rosared01,D,2017,2,4,2241750,TRY
553,rosentr01,D,2017,2,4,5600000,REA
554,rossda01,F,2017,1,1,750000,STV
555,rossjo01,Y2,2017,1,1,550000,ALB
556,rossty01,D,2017,2,3,7310250,STV
557,rossro01,F,2017,2,2,1550000,MIL
558,ruizca01,F,2017,1,1,1000000,EVT
559,ruppca01,Y2,2017,1,1,550000,ARI
560,rusinch01,Y3,2017,1,1,600000,TRY
561,russead02,D,2017,2,4,6350000,ARI
562,ruthebl01,AA,2017,1,1,50000,PHI
563,ryanky01,Y2,2017,1,1,550000,ARI
564,rzepcma01,F,2017,1,1,750000,GOT
565,sabatc.01,F,2017,1,2,1600000,GOT
566,saladty01,Y2,2017,1,1,550000,TRY
567,salasfe01,U,2017,1,1,1111000,REA
568,salazda01,D,2017,2,6,9317000,ALB
569,salech01,D,2017,2,4,10475000,MIL
570,samarje01,D,2017,2,3,7699750,ALB
571,sanchaa01,Y3,2017,1,1,600000,ARI
572,sanchan01,t,2017,2,3,2000000,BOS
573,sanchga02,Y1,2017,1,1,500000,SLB
574,sanchsi01,AA,2017,1,1,50000,MIL
575,sanomi01,D,2017,2,5,5043500,EVT
576,santaca01,F,2017,1,2,1600000,MIL
577,santado01,Y2,2017,1,1,550000,REA
578,santaer01,F,2017,1,2,4250000,EVT
579,santihe01,F,2017,2,4,4250000,HMP
580,saundmi01,F,2017,1,1,750000,STV
581,schebsc01,Y1,2017,1,1,500000,BUF
582,scherma01,D,2017,2,3,9747000,HMP
583,schimry01,Y1,2017,1,1,500000,STV
584,schoojo01,D,2017,2,3,4215000,GOT
585,schugaj01,Y1,2017,1,1,500000,ARI
586,schwaky01,D,2017,2,6,6831000,ARI
587,seageco01,D,2017,2,7,12862750,HMP
588,seageky01,D,2017,2,3,10507000,HMP
589,segurje01,D,2017,2,3,2880000,PHI
590,semiema01,Y3,2017,1,1,600000,HOU
591,senzeni01,AA,2017,1,1,50000,NYK
592,severlu01,Y2,2017,1,1,550000,HOU
593,severpe01,AA,2017,1,1,50000,HOU
594,shawbr01,F,2017,1,1,750000,STV
595,shawtr01,D,2017,2,3,2640000,STV
596,sheffju01,AA,2017,1,1,50000,PHI
597,shielja02,D,2017,2,4,2310000,PHI
598,shoemma01,Y3,2017,1,1,600000,OKL
599,shrevch01,Y2,2017,1,1,550000,HOU
600,siegrke01,D,2017,2,5,3503500,GOT
601,simmoan01,D,2017,2,4,7635000,BOS
602,sippto01,D,2017,2,2,2123250,REA
603,siscoch01,AA,2017,1,1,50000,MIL
604,skaggty01,Y2,2017,1,1,550000,ARI
605,smithdo02,AA,2017,1,1,50000,BUF
606,smithjo05,F,2017,2,3,3100000,EVT
607,smithma05,Y1,2017,1,1,500000,TRY
608,smithwi04,F,2017,2,3,3300000,ALB
609,smylydr01,F,2017,1,2,2000000,MIL
610,snellbl01,Y1,2017,1,1,500000,TRY
611,solarya01,Y3,2017,1,1,600000,OKL
612,solerjo01,D,2017,2,4,2756250,MIL
613,sotoju01,AA,2017,1,1,50000,PHI
614,souzast01,Y2,2017,1,1,550000,ALB
615,spande01,F,2017,2,2,2600000,HMP
616,springe01,D,2017,2,4,9290000,NYK
617,stantmi03,D,2017,2,5,14106750,TRY
618,stephro01,AAA,2017,1,1,250000,TRY
619,stephty01,AA,2017,1,1,50000,HOU
620,storedr01,F,2017,2,3,4000000,REA
621,storytr01,Y1,2017,1,1,500000,ARI
622,straida01,Y3,2017,1,1,600000,NYK
623,strasst01,D,2017,2,3,8502500,HOU
624,strichu01,Y2,2017,1,1,550000,ARI
625,stripro01,Y1,2017,1,1,500000,HMP
626,stromma01,D,2017,2,4,2378250,EVT
627,stroppe01,F,2017,2,3,2600000,EVT
628,suareeu01,Y3,2017,1,1,600000,EVT
629,suzukic01,U,2017,1,1,1000000,EVT
630,swansda01,Y1,2017,1,1,500000,MIL
631,swihabl01,D,2017,2,5,4207500,MIL
632,syndeno01,D,2017,2,5,10342500,EVT
633,taillja01,Y1,2017,1,1,500000,NYK
634,tanakma01,D,2017,2,3,6222500,BOS
635,tapiara01,AA,2017,1,1,50000,STV
636,taverle01,AA,2017,1,1,50000,REA
637,taylomi02,Y2,2017,1,1,550000,STV
638,teherju01,D,2017,2,3,2840000,REA
639,tejedan01,AA,2017,1,1,50000,PHI
640,thaisma01,AA,2017,1,1,50000,ALB
641,thornty01,F,2017,1,3,2500000,MIL
642,tillmch01,F,2017,1,1,3500000,GOT
643,tilsoch01,AA,2017,1,1,50000,GOT
644,tolesan01,U,2017,1,1,1000000,NYK
645,tomasya01,F,2017,2,3,2100000,MIL
646,tomlijo01,F,2017,1,3,2000000,PHI
647,tomlike01,Y2,2017,1,1,550000,GOT
648,torreca01,F,2017,1,2,2250000,BUF
649,torregl01,AA,2017,1,1,50000,ARI
650,travide01,Y2,2017,1,1,550000,ALB
651,treinbl01,Y3,2017,1,1,600000,BOS
652,troutmi01,D,2017,2,6,26400000,BOS
653,trumbma01,F,2017,2,2,2050000,NYK
654,tuckeky01,AA,2017,1,1,50000,NYK
655,tulowtr01,D,2017,2,3,7837500,ARI
656,turneju01,D,2017,2,3,4955000,GOT
657,turnetr01,Y1,2017,1,1,500000,NYK
658,ueharko01,F,2017,2,3,3950000,BOS
659,uptonju01,D,2017,2,3,4773750,ARI
660,uptonbj01,F,2017,1,1,3000000,SLB
661,urenari01,AA,2017,1,1,50000,ALB
662,uriasju01,Y1,2017,1,1,500000,EVT
663,valbulu01,F,2017,2,3,2500000,REA
664,valenda01,D,2017,2,2,1957000,REA
665,vargake01,Y3,2017,1,1,600000,REA
666,vazquch01,Y2,2017,1,1,550000,BUF
667,velasvi01,Y2,2017,1,1,550000,BUF
668,ventuyo01,D,2017,2,3,4130000,MIL
669,verdual01,AA,2017,1,1,50000,PHI
670,verlaju01,D,2017,2,3,3230000,OKL
671,villaca01,D,2017,2,3,2335000,HOU
672,villajo01,Arb4,2017,1,1,1700000,NYK
673,vinceni01,F,2017,1,2,1300000,GOT
674,vizcaar01,D,2017,2,4,2178750,MIL
675,vogelda01,AA,2017,1,1,50000,TRY
676,vogtst01,D,2017,2,3,5020750,GOT
677,volqued01,D,2017,2,2,5674500,HMP
678,vottojo01,D,2017,2,3,11001000,SLB
679,wachami01,D,2017,2,5,5335000,SLB
680,wainwad01,D,2017,2,4,2331000,BOS
681,walkene01,D,2017,2,3,2820000,STV
682,walketa01,D,2017,2,3,3770000,BOS
683,warread01,D,2017,2,3,3745000,GOT
684,watsoto01,D,2017,2,2,4089750,EVT
685,weavelu01,Y1,2017,1,1,500000,NYK
686,werthja01,U,2017,2,2,2000000,SLB
687,wheelza01,Y2*,2017,1,1,550000,PHI
688,wietema01,D,2017,2,2,2422500,ARI
689,willini01,AA,2017,1,1,50000,TRY
690,wilsoal01,Arb4,2017,1,1,1125000,BOS
691,winkeje01,AA,2017,1,1,50000,SLB
692,wislema01,Y2,2017,1,1,550000,TRY
693,wolteto01,Y1,2017,1,1,500000,HOU
694,wongko01,D,2017,2,5,3525500,ARI
695,woodal02,D,2017,2,3,3415000,HOU
696,woodtr01,D,2017,2,3,2510000,HMP
697,wrighst01,Y2,2017,1,1,550000,HMP
698,yelicch01,D,2017,2,4,6025000,MIL
699,youngch04,U,2017,1,1,1000000,STV
700,zieglbr01,D,2017,2,3,4811750,OKL
701,zimmebr01,AA,2017,1,1,50000,BUF
702,zimmeky01,AA,2017,1,1,50000,BUF
703,zimmery01,F,2017,2,3,4500000,GOT
704,zimmejo02,F,2017,1,2,1250000,TRY
705,zobribe01,D,2017,2,4,6400000,OKL
706,zuninmi01,Arb4,2017,1,1,950000,BUF
,abreujo02,D,2018,3,4,6810000,HOU
,acunaro01,Y1,2018,1,1,500000,EVT
,adamewi01,Y1,2018,1,1,500000,HOU
,adamsch01,Y1,2018,1,1,500000,OKL
,aikenbr01,Y1,2018,1,1,500000,REA
,albieoz01,Y1,2018,1,1,500000,BOS
,alcansa01,Y1,2018,1,1,500000,ARI
,alfarjo01,Y1,2018,1,1,500000,EVT
,alforan01,Y1,2018,1,1,500000,NYK
,allarko01,Y1,2018,1,1,500000,TRY
,almoral01,Y2,2018,1,1,550000,HMP
,alonsyo01,F,2018,3,3,4000000,PHI
,altuvjo01,D,2018,3,4,14125000,NYK
,alvarya01,Y1,2018,1,1,500000,EVT
,anderch01,Arb4,2018,1,1,1000000,EVT
,anderti01,Y2,2018,1,1,550000,BOS
,anderty01,Y2,2018,1,1,550000,STV
,andrima01,Y3,2018,1,1,600000,TRY
,andruel01,D,2018,3,4,9950000,ALB
,aokino01,F,2018,3,3,2500000,HMP
,archech01,D,2018,3,4,9470000,REA
,arciaor01,Y2,2018,1,1,550000,NYK
,arciaos01,Arb4,2018,1,1,1000000,PHI
,arenano01,D,2018,3,4,15635000,TRY
,arrieja01,D,2018,3,5,12946500,GOT
,asuajca01,Y1,2018,1,1,500000,ARI
,austity01,Y1,2018,1,1,500000,OKL
,avilalu01,F,2018,2,2,1250000,PHI
,baezja01,Y3,2018,1,1,600000,PHI
,baezpe01,F,2018,2,2,2000000,HMP
,barneto01,Y2,2018,1,1,550000,BOS
,barnhtu01,Y3,2018,1,1,600000,EVT
,barraky01,Y2,2018,1,1,550000,BUF
,barrefr02,Y1,2018,1,1,500000,TRY
,bastaan01,F,2018,3,4,4000000,OKL
,bauerja01,Y1,2018,1,1,500000,MIL
,bauertr01,D,2018,3,5,5010500,EVT
,bautijo02,D,2018,3,5,13891500,PHI
,beckhti01,Y3,2018,1,1,600000,GOT
,bedroca01,Y3,2018,1,1,600000,BOS
,beedety01,Y1,2018,1,1,500000,BOS
,bellico01,Y1,2018,1,1,500000,HOU
,belljo02,Y2,2018,1,1,550000,EVT
,beltbr01,D,2018,3,4,5166000,ARI
,beltrad01,D,2018,3,3,6954000,NYK
,beltrca01,F,2018,2,2,1500000,SLB
,beninan01,Y2,2018,1,1,550000,EVT
,berrijo01,Y2,2018,1,1,550000,PHI
,betande01,D,2018,3,3,6270000,STV
,bettich01,Arb4,2018,1,1,1000000,TRY
,bettsmo01,D,2018,3,7,14771750,EVT
,birdgr01,Y2,2018,1,1,550000,HOU
,blackch02,D,2018,3,6,7986000,PHI
,blairaa01,Y2,2018,1,1,550000,GOT
,blancan01,Arb5,2018,1,1,850000,OKL
,blantjo01,F,2018,3,3,2100000,BOS
,bogaexa01,D,2018,3,4,11865000,MIL
,bourju01,Y3,2018,1,1,600000,NYK
,bournmi01,F,2018,3,3,2000000,PHI
,bowmama01,Y2,2018,1,1,550000,ARI
,boxbebr01,D,2018,3,3,4245000,TRY
,boydma01,Y3,2018,1,1,600000,REA
,brachbr01,F,2018,3,4,4200000,REA
,bradlar01,Y2,2018,1,1,550000,TRY
,bradlja02,D,2018,3,3,4190000,BOS
,braunry02,D,2018,3,3,5092000,ALB
,bregmal01,Y2,2018,1,1,550000,HOU
,brinsle01,Y1,2018,1,1,500000,MIL
,brittza01,D,2018,3,3,5239250,NYK
,broxtke01,Y2,2018,1,1,550000,TRY
,bruceja01,F,2018,2,2,1550000,HOU
,bryankr01,D,2018,3,7,16542750,PHI
,buchhcl01,F,2018,3,3,3500000,ARI
,buchtry01,Y2,2018,1,1,550000,NYK
,bumgama01,D,2018,3,5,12306000,BOS
,bundydy01,Y2,2018,1,1,550000,HOU
,burnsbi02,D,2018,3,3,3850000,MIL
,bushma01,Y2,2018,1,1,550000,HMP
,buxtoby01,D,2018,3,5,4416500,ARI
,cabreas01,F,2018,2,2,2500000,SLB
,cabremi01,D,2018,3,5,10662750,GOT
,cainlo01,D,2018,3,3,7500250,NYK
,calhoko01,D,2018,3,5,4356000,HMP
,calhowi01,Y1,2018,1,1,500000,STV
,camerda01,Y1,2018,1,1,500000,TRY
,candeje01,Y1,2018,1,1,500000,BUF
,canoro01,D,2018,3,3,3320000,STV
,cappsca01,D,2018,3,3,2660000,BOS
,carpema01,D,2018,3,5,11235000,NYK
,carraca01,D,2018,3,3,6844750,MIL
,cartech02,F,2018,2,3,2000000,STV
,cashnan01,F,2018,3,4,4000000,SLB
,casteni01,Arb4,2018,1,1,1000000,EVT
,castiwe01,F,2018,3,3,3000000,TRY
,castrja01,F,2018,3,4,4000000,PHI
,ceasedy01,Y1,2018,1,1,500000,HMP
,cecchga02,Y1,2018,1,1,500000,PHI
,cecilbr01,F,2018,3,3,2600000,TRY
,cedenxa01,Arb4,2018,1,1,1000000,SLB
,cervefr01,D,2018,3,3,4100000,ALB
,cespeyo01,D,2018,3,3,13190750,SLB
,cessalu01,Y2,2018,1,1,550000,OKL
,chapmar01,D,2018,3,5,6006000,MIL
,chapmma01,Y1,2018,1,1,500000,MIL
,chiriro01,Arb4,2018,1,1,1000000,MIL
,cingrto01,X,2018,2,3,2000000,BUF
,cishest01,F,2018,2,4,4000000,HMP
,claudal01,Y2,2018,1,1,550000,BOS
,clippty01,D,2018,3,3,2250000,REA
,cobbal01,F,2018,3,4,4000000,GOT
,colege01,D,2018,3,4,12015000,STV
,collity01,Y3,2018,1,1,600000,HOU
,colliza01,Y1,2018,1,1,500000,MIL
,collmjo01,F,2018,3,3,3000000,HMP
,colomal01,Y3,2018,1,1,600000,BOS
,colonba01,F,2018,2,2,1750000,BUF
,confomi01,D,2018,3,4,2488500,GOT
,conlead01,Y3,2018,1,1,600000,ALB
,contrwi01,Y2,2018,1,1,550000,BOS
,corbipa01,F,2018,2,3,2000000,REA
,correca01,D,2018,3,7,17204000,EVT
,cottojh01,Y1,2018,1,1,500000,BUF
,couloda01,Y2,2018,1,1,550000,ARI
,cozarza01,D,2018,3,3,2170000,ALB
,crawfbr01,D,2018,3,3,9846750,STV
,crawfjp01,Y1,2018,1,1,500000,HOU
,croncj01,Arb4,2018,1,1,1000000,TRY
,cruzne02,D,2018,3,4,11445000,OKL
,cuetojo01,D,2018,3,3,7633250,ARI
,cuthbch01,Y2,2018,1,1,550000,BOS
,dahlda01,Y2,2018,1,1,550000,ARI
,darnatr01,D,2018,3,3,2680000,GOT
,darviyu01,F,2018,3,4,4200000,ARI
,davieza02,Y2,2018,1,1,550000,HMP
,davisch02,D,2018,3,5,11114250,BOS
,daviskh01,Arb5,2018,1,1,1900000,HMP
,davisra01,F,2018,3,3,3200000,GOT
,daviswa01,D,2018,3,3,6369750,HMP
,degroja01,D,2018,3,7,14990250,HOU
,dejesiv02,Y3,2018,1,1,600000,HMP
,deleojo03,Y1,2018,1,1,500000,HMP
,desclan01,Y3,2018,1,1,600000,REA
,devench02,Y2,2018,1,1,550000,NYK
,deverra01,Y1,2018,1,1,500000,NYK
,diazal02,Y2,2018,1,1,550000,OKL
,diazed04,Y2,2018,1,1,550000,HOU
,diazis01,Y1,2018,1,1,500000,PHI
,diazju03,Arb4,2018,1,1,1000000,PHI
,diazyu01,Y1,2018,1,1,500000,PHI
,dickeco01,Arb5,2018,1,1,1975000,GOT
,dicker.01,F,2018,2,2,1550000,SLB
,diekmja01,F,2018,2,3,3000000,TRY
,dietrde01,Arb5,2018,1,1,1375000,REA
,donaljo02,D,2018,3,4,15285000,ALB
,doziebr01,D,2018,3,4,6975000,PHI
,drurybr01,Y2,2018,1,1,550000,ARI
,duffety01,Y3,2018,1,1,600000,GOT
,duffyda01,Arb5,2018,1,1,2450000,HOU
,duffyma01,D,2018,3,3,4620000,HOU
,dullry01,Y2,2018,1,1,550000,HMP
,dunnmi01,F,2018,3,3,2000000,PHI
,duvalad01,Y2,2018,1,1,550000,GOT
,dysonja01,F,2018,2,2,3100000,GOT
,dysonsa01,Arb4,2018,1,1,1000000,OKL
,eatonad02,D,2018,3,3,2120000,GOT
,edwarca01,Y2,2018,1,1,550000,TRY
,eickhje01,D,2018,3,4,2541000,MIL
,ellsbja01,D,2018,3,3,4365000,PHI
,encared01,D,2018,3,7,11109000,PHI
,eovalna01,F,2018,3,3,5000000,HOU
,escobal02,D,2018,3,4,5440000,BUF
,espinan01,Y1,2018,1,1,500000,HOU
,espinda01,F,2018,3,3,2600000,TRY
,estrama01,D,2018,3,3,5595500,GOT
,familje01,D,2018,3,3,5130000,EVT
,felizmi01,Y2,2018,1,1,550000,TRY
,fernajo02,D,2018,3,7,10999750,GOT
,fieldpr01,D,2018,3,4,4751250,PHI
,finnebr01,Y3,2018,1,1,600000,BOS
,fishede01,Y1,2018,1,1,500000,STV
,flynnbr01,Y2,2018,1,1,550000,HMP
,foltymi01,Y3,2018,1,1,600000,PHI
,forsylo01,D,2018,3,3,4045000,OKL
,fowlede01,F,2018,3,4,9500000,OKL
,fowledu01,Y1,2018,1,1,500000,SLB
,francma02,D,2018,3,3,3930000,ARI
,frankni01,Arb4,2018,1,1,1000000,OKL
,frazicl01,Y1,2018,1,1,500000,NYK
,frazito01,D,2018,3,3,5638250,BOS
,freemfr01,D,2018,3,4,8550000,MIL
,friedma01,Y1,2018,1,1,500000,REA
,fulmeca01,Y1,2018,1,1,500000,BUF
,fulmemi01,Y2,2018,1,1,550000,NYK
,gallojo01,Y2,2018,1,1,550000,ALB
,galvifr01,F,2018,3,3,2000000,TRY
,garcigr01,Y2,2018,1,1,550000,ARI
,garcija02,D,2018,3,3,7566750,OKL
,garciyi01,Y2,2018,1,1,550000,OKL
,gardnbr01,D,2018,3,3,4160000,STV
,garream01,Y1,2018,1,1,500000,ALB
,gattiev01,Arb5,2018,1,1,2125000,TRY
,gausmke01,Arb5,2018,1,1,2800000,TRY
,gennesc01,Arb5,2018,1,1,925000,TRY
,giavojo01,Arb5,2018,1,1,850000,BOS
,gibsoky01,D,2018,3,3,5476750,EVT
,gileske01,D,2018,3,4,5210000,STV
,giolilu01,Y1,2018,1,1,500000,ARI
,givenmy01,Y3,2018,1,1,600000,MIL
,glasnty01,Y1,2018,1,1,500000,MIL
,goedder01,Y3,2018,1,1,600000,EVT
,goldspa01,D,2018,3,7,20901250,HOU
,gomesya01,F,2018,3,4,4000000,SLB
,gomezje01,F,2018,3,3,2500000,SLB
,gonzaca01,D,2018,3,3,5396000,HMP
,gonzagi01,D,2018,3,3,3540000,STV
,gonzama01,F,2018,3,3,2500000,SLB
,gonzami03,F,2018,2,2,2700000,SLB
,gordoal01,D,2018,3,3,7011000,EVT
,gordode01,D,2018,3,5,12778500,HMP
,gordoni01,Y1,2018,1,1,500000,ALB
,gosseph01,Arb4,2018,1,1,1000000,EVT
,gourryu01,Y2,2018,1,1,550000,HMP
,grandya01,D,2018,3,5,5239500,GOT
,graveke01,Y3,2018,1,1,600000,SLB
,grayjo02,Y3,2018,1,1,600000,ARI
,grayso01,D,2018,3,5,11481750,ARI
,greensh02,Arb4,2018,1,1,1000000,SLB
,gregodi01,D,2018,3,4,5555000,REA
,greinza01,D,2018,3,5,16826250,GOT
,grichra01,D,2018,3,3,4885000,OKL
,grimmju01,Arb5,2018,1,1,850000,BOS
,grishtr01,Y1,2018,1,1,500000,PHI
,groomja01,Y1,2018,1,1,500000,BUF
,grossro01,Arb4,2018,1,1,1000000,SLB
,gsellro01,Y2,2018,1,1,550000,EVT
,guerrju02,Y2,2018,1,1,550000,NYK
,guerrvl02,Y1,2018,1,1,500000,NYK
,guyerbr01,Arb4,2018,1,1,1000000,ALB
,gyorkje01,Arb5,2018,1,1,1850000,NYK
,haderjo01,Y1,2018,1,1,500000,OKL
,hamelco01,D,2018,3,3,5514750,GOT
,hamilbi02,D,2018,3,4,2919000,PHI
,handbr01,F,2018,2,3,2000000,REA
,hanigmi01,Y2,2018,1,1,550000,STV
,happia01,Y1,2018,1,1,500000,REA
,happja01,F,2018,3,3,2300000,ALB
,harpebr03,D,2018,3,7,24719250,ARI
,harrijo05,D,2018,3,3,2565000,OKL
,harvema01,D,2018,3,5,11875500,ARI
,healyry01,Y2,2018,1,1,550000,SLB
,heanean01,Y2,2018,1,1,550000,EVT
,hechaad01,D,2018,3,5,6373500,HOU
,hedgeau01,Y2,2018,1,1,550000,ALB
,hendrky01,Arb4,2018,1,1,1000000,ALB
,hendrli01,F,2018,3,3,2100000,STV
,hernace02,Arb5,2018,1,1,1975000,REA
,hernaen02,Arb4,2018,1,1,1000000,GOT
,hernafe02,D,2018,3,7,10585750,PHI
,herredi01,Y2,2018,1,1,550000,BUF
,herreke01,F,2018,3,4,4000000,HOU
,herreod01,Y3,2018,1,1,600000,HOU
,herrmch01,Arb4,2018,1,1,1000000,ARI
,hestoch01,D,2018,3,3,2945000,HOU
,heywaja01,D,2018,3,6,10026500,BUF
,hicksaa01,D,2018,3,3,2985000,NYK
,hillri01,F,2018,2,4,4000000,PHI
,hoffmje02,Y1,2018,1,1,500000,BUF
,holtty01,Y2,2018,1,1,550000,REA
,honeybr01,Y1,2018,1,1,500000,HOU
,hoskirh01,Y1,2018,1,1,500000,REA
,hosmeer01,D,2018,3,3,8911000,REA
,hudsoda01,F,2018,3,3,2000000,ALB
,iglesjo01,D,2018,3,4,7570000,GOT
,iglesra01,F,2018,3,4,4000000,NYK
,inciaen01,D,2018,3,6,7612000,EVT
,jacksal01,Y1,2018,1,1,500000,STV
,jacksdr01,Y1,2018,1,1,500000,STV
,jankotr01,Y2,2018,1,1,550000,REA
,janseke01,D,2018,3,3,5201250,NYK
,jeffrje01,Arb4,2018,1,1,1000000,OKL
,jimenel01,Y1,2018,1,1,500000,HOU
,jonesad01,D,2018,3,5,7880250,SLB
,jonesja07,Y1,2018,1,1,500000,SLB
,jonesna01,Arb4,2018,1,1,1000000,REA
,josepto01,Y2,2018,1,1,550000,SLB
,joycema01,F,2018,2,2,1250000,ALB
,judgeaa01,Y1,2018,1,1,500000,OKL
,karnsna01,Y3,2018,1,1,600000,GOT
,kelake01,Y3,2018,1,1,600000,TRY
,kellemi01,Y1,2018,1,1,500000,MIL
,kellyca02,Y1,2018,1,1,500000,HOU
,kempma01,F,2018,2,2,2300000,MIL
,kenneia01,F,2018,2,3,2800000,ALB
,keplema01,Y2,2018,1,1,550000,STV
,kershcl01,D,2018,3,4,20030000,OKL
,keuchda01,D,2018,3,3,15632250,ALB
,kiermke01,D,2018,3,4,5245000,HMP
,kimbrcr01,D,2018,3,3,4911500,MIL
,kinslia01,D,2018,3,3,5809250,SLB
,kipnija01,D,2018,3,4,7830000,ALB
,klubeco01,D,2018,3,4,9755000,NYK
,koehlto01,Arb5,2018,1,1,850000,EVT
,kontoge01,F,2018,3,3,2500000,OKL
,kopecmi01,Y1,2018,1,1,500000,MIL
,lambja01,Arb4,2018,1,1,1000000,BUF
,lawde01,Y2,2018,1,1,550000,REA
,layneto01,Y3,2018,1,1,600000,GOT
,leakemi01,D,2018,3,3,6521750,EVT
,lemahdj01,D,2018,3,5,9481500,EVT
,leonsa01,Y3,2018,1,1,600000,NYK
,lestejo01,D,2018,3,3,4430000,REA
,lewisky01,Y1,2018,1,1,500000,MIL
,lindofr01,D,2018,3,5,13119750,TRY
,liriafr01,D,2018,3,3,10274250,OKL
,loganbo02,F,2018,2,3,2000000,PHI
,longoev01,D,2018,3,3,6730750,REA
,lopezre01,Y2,2018,1,1,550000,MIL
,lorenmi01,Y3,2018,1,1,600000,REA
,lowema01,F,2018,3,3,2000000,HMP
,lucrojo01,X,2018,2,4,4900000,NYK
,lugose01,Y2,2018,1,1,550000,ARI
,lynnla01,D,2018,3,5,4383500,HMP
,lyonsty01,Arb4,2018,1,1,1000000,ARI
,machama01,D,2018,3,5,18385500,MIL
,maedake01,F,2018,2,4,6250000,REA
,manaese01,Y2,2018,1,1,550000,BOS
,manshje01,Y3,2018,1,1,600000,BOS
,margoma01,Y1,2018,1,1,500000,EVT
,marisja01,D,2018,3,4,3906000,TRY
,markani01,F,2018,3,3,3000000,OKL
,martefr01,Y1,2018,1,1,500000,BUF
,martest01,D,2018,3,4,7765000,NYK
,martica04,D,2018,3,4,7030000,NYK
,martijd02,D,2018,3,4,8705000,BOS
,martile01,Arb5,2018,1,1,2575000,STV
,martini01,F,2018,3,3,2000000,SLB
,martiru01,D,2018,3,3,4490000,MIL
,mateojo01,Y1,2018,1,1,500000,SLB
,matzst01,Y3,2018,1,1,600000,HOU
,maurebr01,Arb5,2018,1,1,850000,SLB
,maytr01,Arb4,2018,1,1,1000000,PHI
,mazarno01,Y2,2018,1,1,550000,BOS
,mccanbr01,D,2018,3,3,4275000,HOU
,mcculla02,D,2018,3,4,5640000,TRY
,mccutan01,F,2018,2,4,4000000,NYK
,mchugco01,D,2018,3,3,8421750,TRY
,mckentr01,Y1,2018,1,1,500000,NYK
,mcmahry01,Y1,2018,1,1,500000,NYK
,meadoau01,Y1,2018,1,1,500000,ARI
,mejiafr01,Y1,2018,1,1,500000,NYK
,melanma01,D,2018,3,3,5681000,STV
,mendeyo01,Y1,2018,1,1,500000,PHI
,merriwh01,Y2,2018,1,1,550000,HMP
,mesorde01,Arb4,2018,1,1,1000000,ALB
,meyeral01,Y2,2018,1,1,550000,TRY
,millean01,D,2018,3,3,5852000,OKL
,millebr02,Arb5,2018,1,1,1750000,HMP
,miranar01,Y2,2018,1,1,550000,BUF
,moncayo01,Y1,2018,1,1,500000,BUF
,mondera02,Y2,2018,1,1,550000,HOU
,moniami01,Y1,2018,1,1,500000,BUF
,montafr02,Y1,2018,1,1,500000,GOT
,montgmi01,Y3,2018,1,1,600000,SLB
,moorema02,Arb5,2018,1,1,1400000,SLB
,moralke01,D,2018,3,3,3070000,ALB
,moranco01,Y1,2018,1,1,500000,TRY
,morejad01,Y1,2018,1,1,500000,BUF
,moustmi01,D,2018,3,3,4685000,GOT
,murphda08,D,2018,3,4,3438750,ALB
,murphto04,Y1,2018,1,1,500000,BUF
,musgrjo01,Y2,2018,1,1,550000,REA
,myerswi01,Arb5,2018,1,1,2025000,BUF
,napolmi01,F,2018,3,3,3650000,BUF
,naquity01,Y2,2018,1,1,550000,NYK
,nelsoji02,Arb4,2018,1,1,1000000,MIL
,nerishe01,Y3,2018,1,1,600000,PHI
,neshepa01,F,2018,2,2,1250000,PHI
,newcose01,Y1,2018,1,1,500000,EVT
,newmake01,Y1,2018,1,1,500000,PHI
,nicasju01,F,2018,2,2,1300000,GOT
,nolaaa01,Y3,2018,1,1,600000,ARI
,norrida01,Y3,2018,1,1,600000,BUF
,norride01,D,2018,3,3,4715000,BOS
,nottija01,Y1,2018,1,1,500000,MIL
,obriepe01,Y1,2018,1,1,500000,ALB
,odayda01,D,2018,3,3,2440000,ALB
,odorija01,D,2018,3,4,3249750,SLB
,odorro01,D,2018,3,5,3630000,MIL
,ohse01,F,2018,2,3,4600000,SLB
,olsonma02,Y1,2018,1,1,500000,GOT
,oneilty01,Y1,2018,1,1,500000,BUF
,orlanpa01,Y3,2018,1,1,600000,ARI
,ortizda01,D,2018,3,3,7904000,OKL
,osunaro01,D,2018,3,5,5302000,ALB
,oteroda01,F,2018,2,3,3000000,STV
,ozunama01,Arb5,2018,1,1,1800000,NYK
,panikjo01,F,2018,2,3,4000000,TRY
,parkeja03,Y2,2018,1,1,550000,STV
,paxtoja01,Arb4,2018,1,1,1000000,STV
,pearcst01,F,2018,2,2,5050000,REA
,peavyja01,F,2018,3,3,3000000,ARI
,pederjo01,D,2018,3,4,7445000,HOU
,pedrodu01,D,2018,3,4,2504250,BOS
,pelfrmi01,F,2018,3,3,3000000,HMP
,pencehu01,D,2018,3,3,3615000,SLB
,peralda01,D,2018,3,5,5391750,BOS
,perazjo01,Y2,2018,1,1,550000,BUF
,perdolu01,Y2,2018,1,1,550000,BUF
,perezca02,Y3,2018,1,1,600000,HMP
,perezde01,Y1,2018,1,1,500000,GOT
,perezhe01,Arb4,2018,1,1,1000000,BUF
,perezma02,Arb5,2018,1,1,1450000,STV
,perezro02,Y3,2018,1,1,600000,ALB
,perezsa02,D,2018,3,4,8625000,STV
,perkigl01,F,2018,3,4,4100000,REA
,peterdj01,Y1,2018,1,1,500000,REA
,peterja01,Y3,2018,1,1,600000,REA
,phelpda01,F,2018,2,3,2300000,HMP
,phillbr01,D,2018,3,3,4335000,ALB
,phillbr02,Y1,2018,1,1,500000,BUF
,pillake01,D,2018,3,4,6755000,TRY
,pinedmi01,Arb5,2018,1,1,1700000,OKL
,pintri01,Y1,2018,1,1,500000,TRY
,piscost01,D,2018,3,4,2877000,EVT
,plaweke01,Y3,2018,1,1,600000,BOS
,polangr01,D,2018,3,3,3490000,TRY
,polloaj01,D,2018,3,4,13655000,REA
,pomerdr01,Arb5,2018,1,1,1750000,SLB
,porceri01,F,2018,2,2,5000000,NYK
,poseybu01,D,2018,3,3,18035750,REA
,powelbo02,Y1,2018,1,1,500000,TRY
,pradoma01,D,2018,3,3,2315000,EVT
,priceda01,D,2018,3,4,12665000,PHI
,profaju01,Y3,2018,1,1,600000,HOU
,puigya01,D,2018,3,3,4785000,BUF
,pujolal01,D,2018,3,3,6317500,BOS
,pukaj01,Y1,2018,1,1,500000,MIL
,quackke01,Arb4,2018,1,1,1000000,EVT
,quantca01,Y1,2018,1,1,500000,NYK
,quintjo01,D,2018,3,4,6500000,ALB
,ramirer02,D,2018,3,4,2735250,ALB
,ramirha01,F,2018,2,2,3900000,EVT
,ramirjo01,Arb4,2018,1,1,1000000,NYK
,ramosaj01,D,2018,3,3,3005000,ALB
,ramoswi01,D,2018,3,3,3640000,HMP
,rasmuco01,D,2018,3,3,3690000,HOU
,rayco01,Y1,2018,1,1,500000,BUF
,rayro02,D,2018,3,3,2090000,STV
,realmjt01,Y3,2018,1,1,600000,SLB
,reddijo01,D,2018,3,3,4460000,ALB
,reedaj01,Y2,2018,1,1,550000,BOS
,refsnro01,Y2,2018,1,1,550000,HOU
,reidfse01,Y1,2018,1,1,500000,ALB
,rendoan01,D,2018,3,4,2115750,ARI
,renfrhu01,Y1,2018,1,1,500000,BUF
,reyesal02,Y2,2018,1,1,550000,HOU
,richaga01,D,2018,3,4,7145000,REA
,riverfe01,Y3,2018,1,1,600000,BOS
,riverre01,F,2018,2,2,2000000,BUF
,rivertj01,Y2,2018,1,1,550000,SLB
,rizzoan01,D,2018,3,4,16945000,STV
,roarkta01,Arb5,2018,1,1,4150000,REA
,roberda08,D,2018,3,3,2720000,HOU
,robleha01,Y3,2018,1,1,600000,OKL
,roblevi01,Y1,2018,1,1,500000,BUF
,rodgebr01,Y1,2018,1,1,500000,PHI
,rodnefe01,F,2018,2,2,1250000,PHI
,rodonca01,D,2018,3,4,3202500,HOU
,rodrife02,Arb5,2018,1,1,850000,OKL
,rogerta01,Y2,2018,1,1,550000,EVT
,rondohe01,D,2018,3,4,5100000,SLB
,rosaram01,Y1,2018,1,1,500000,BUF
,rosared01,D,2018,3,4,2241750,TRY
,rosentr01,D,2018,3,4,5600000,REA
,rossjo01,Y3,2018,1,1,600000,ALB
,rossty01,D,2018,3,3,7310250,STV
,ruppca01,Y3,2018,1,1,600000,ARI
,rusinch01,Arb4,2018,1,1,1000000,TRY
,russead02,D,2018,3,4,6350000,ARI
,ruthebl01,Y1,2018,1,1,500000,PHI
,ryanky01,Y3,2018,1,1,600000,ARI
,sabatc.01,F,2018,2,2,1600000,GOT
,saladty01,Y3,2018,1,1,600000,TRY
,salazda01,D,2018,3,6,9317000,ALB
,salech01,D,2018,3,4,10475000,MIL
,samarje01,D,2018,3,3,7699750,ALB
,sanchaa01,Arb4,2018,1,1,1000000,ARI
,sanchan01,t,2018,3,3,2000000,BOS
,sanchga02,Y2,2018,1,1,550000,SLB
,sanchsi01,Y1,2018,1,1,500000,MIL
,sanomi01,D,2018,3,5,5043500,EVT
,santaca01,F,2018,2,2,1600000,MIL
,santado01,Y3,2018,1,1,600000,REA
,santaer01,F,2018,2,2,4250000,EVT
,santihe01,F,2018,3,4,4250000,HMP
,schebsc01,Y2,2018,1,1,550000,BUF
,scherma01,D,2018,3,3,9747000,HMP
,schimry01,Y2,2018,1,1,550000,STV
,schoojo01,D,2018,3,3,4215000,GOT
,schugaj01,Y2,2018,1,1,550000,ARI
,schwaky01,D,2018,3,6,6831000,ARI
,seageco01,D,2018,3,7,12862750,HMP
,seageky01,D,2018,3,3,10507000,HMP
,segurje01,D,2018,3,3,2880000,PHI
,semiema01,Arb4,2018,1,1,1000000,HOU
,senzeni01,Y1,2018,1,1,500000,NYK
,severlu01,Y3,2018,1,1,600000,HOU
,severpe01,Y1,2018,1,1,500000,HOU
,shawtr01,D,2018,3,3,2640000,STV
,sheffju01,Y1,2018,1,1,500000,PHI
,shielja02,D,2018,3,4,2310000,PHI
,shoemma01,Arb4,2018,1,1,1000000,OKL
,shrevch01,Y3,2018,1,1,600000,HOU
,siegrke01,D,2018,3,5,3503500,GOT
,simmoan01,D,2018,3,4,7635000,BOS
,siscoch01,Y1,2018,1,1,500000,MIL
,skaggty01,Y3,2018,1,1,600000,ARI
,smithdo02,Y1,2018,1,1,500000,BUF
,smithjo05,F,2018,3,3,3100000,EVT
,smithma05,Y2,2018,1,1,550000,TRY
,smithwi04,F,2018,3,3,3300000,ALB
,smylydr01,F,2018,2,2,2000000,MIL
,snellbl01,Y2,2018,1,1,550000,TRY
,solarya01,Arb4,2018,1,1,1000000,OKL
,solerjo01,D,2018,3,4,2756250,MIL
,sotoju01,Y1,2018,1,1,500000,PHI
,souzast01,Y3,2018,1,1,600000,ALB
,springe01,D,2018,3,4,9290000,NYK
,stantmi03,D,2018,3,5,14106750,TRY
,stephro01,Y1,2018,1,1,500000,TRY
,stephty01,Y1,2018,1,1,500000,HOU
,storedr01,F,2018,3,3,4000000,REA
,storytr01,Y2,2018,1,1,550000,ARI
,straida01,Arb4,2018,1,1,1000000,NYK
,strasst01,D,2018,3,3,8502500,HOU
,strichu01,Y3,2018,1,1,600000,ARI
,stripro01,Y2,2018,1,1,550000,HMP
,stromma01,D,2018,3,4,2378250,EVT
,stroppe01,F,2018,3,3,2600000,EVT
,suareeu01,Arb4,2018,1,1,1000000,EVT
,swansda01,Y2,2018,1,1,550000,MIL
,swihabl01,D,2018,3,5,4207500,MIL
,syndeno01,D,2018,3,5,10342500,EVT
,taillja01,Y2,2018,1,1,550000,NYK
,tanakma01,D,2018,3,3,6222500,BOS
,tapiara01,Y1,2018,1,1,500000,STV
,taverle01,Y1,2018,1,1,500000,REA
,taylomi02,Y3,2018,1,1,600000,STV
,teherju01,D,2018,3,3,2840000,REA
,tejedan01,Y1,2018,1,1,500000,PHI
,thaisma01,Y1,2018,1,1,500000,ALB
,thornty01,F,2018,2,3,2500000,MIL
,tilsoch01,Y1,2018,1,1,500000,GOT
,tomasya01,F,2018,3,3,2100000,MIL
,tomlijo01,F,2018,2,3,2000000,PHI
,tomlike01,Y3,2018,1,1,600000,GOT
,torreca01,F,2018,2,2,2250000,BUF
,torregl01,Y1,2018,1,1,500000,ARI
,travide01,Y3,2018,1,1,600000,ALB
,treinbl01,Arb4,2018,1,1,1000000,BOS
,troutmi01,D,2018,3,6,26400000,BOS
,tuckeky01,Y1,2018,1,1,500000,NYK
,tulowtr01,D,2018,3,3,7837500,ARI
,turneju01,D,2018,3,3,4955000,GOT
,turnetr01,Y2,2018,1,1,550000,NYK
,ueharko01,F,2018,3,3,3950000,BOS
,uptonju01,D,2018,3,3,4773750,ARI
,urenari01,Y1,2018,1,1,500000,ALB
,uriasju01,Y2,2018,1,1,550000,EVT
,valbulu01,F,2018,3,3,2500000,REA
,vargake01,Arb4,2018,1,1,1000000,REA
,vazquch01,Y3,2018,1,1,600000,BUF
,velasvi01,Y3,2018,1,1,600000,BUF
,ventuyo01,D,2018,3,3,4130000,MIL
,verdual01,Y1,2018,1,1,500000,PHI
,verlaju01,D,2018,3,3,3230000,OKL
,villaca01,D,2018,3,3,2335000,HOU
,villajo01,Arb5,2018,1,1,1700000,NYK
,vinceni01,F,2018,2,2,1300000,GOT
,vizcaar01,D,2018,3,4,2178750,MIL
,vogelda01,Y1,2018,1,1,500000,TRY
,vogtst01,D,2018,3,3,5020750,GOT
,vottojo01,D,2018,3,3,11001000,SLB
,wachami01,D,2018,3,5,5335000,SLB
,wainwad01,D,2018,3,4,2331000,BOS
,walkene01,D,2018,3,3,2820000,STV
,walketa01,D,2018,3,3,3770000,BOS
,warread01,D,2018,3,3,3745000,GOT
,weavelu01,Y2,2018,1,1,550000,NYK
,wheelza01,Y3,2018,1,1,600000,PHI
,willini01,Y1,2018,1,1,500000,TRY
,wilsoal01,Arb5,2018,1,1,1125000,BOS
,winkeje01,Y1,2018,1,1,500000,SLB
,wislema01,Y3,2018,1,1,600000,TRY
,wolteto01,Y2,2018,1,1,550000,HOU
,wongko01,D,2018,3,5,3525500,ARI
,woodal02,D,2018,3,3,3415000,HOU
,woodtr01,D,2018,3,3,2510000,HMP
,wrighst01,Y3,2018,1,1,600000,HMP
,yelicch01,D,2018,3,4,6025000,MIL
,zieglbr01,D,2018,3,3,4811750,OKL
,zimmebr01,Y1,2018,1,1,500000,BUF
,zimmejo02,F,2018,2,2,1250000,TRY
,zimmeky01,Y1,2018,1,1,500000,BUF
,zimmery01,F,2018,3,3,4500000,GOT
,zobribe01,D,2018,3,4,6400000,OKL
,zuninmi01,Arb5,2018,1,1,950000,BUF
